0.0,15.03922091965638
0.006,38.5414008317076
0.011,45.32886244004417
0.016,41.79245335866808
0.021,44.10889878056704
0.026,51.61999382553634
0.031,49.65385674957727
0.036,34.94643511484262
0.042,22.281129977393615
0.519,23.21352322929648
0.524,30.624319937062612
0.529,31.78531620491142
0.534,27.92336156725865
0.539,29.052476842882037
0.545,34.57092196692694
0.55,34.094814211334096
0.555,26.15732413629642
0.56,20.47626516152015
0.566,21.21020083111998
0.571,22.661254199604254
0.576,21.937072497634034
0.581,21.864581301845863
0.586,21.73184528771666
0.591,18.789051262784724
0.596,17.64193057839996
0.601,24.52807051280238
0.606,34.3385954986249
0.612,36.767178285369404
0.617,31.998364268596887
0.622,26.637182238403742
0.628,19.00939924849431
0.633,3.6958331958710247
0.638,-13.890056475413884
0.643,-22.825378613553937
0.648,-22.9270394756131
0.653,-22.369470293339027
0.659,-23.726450247467294
0.664,-24.132293834061997
0.669,-23.57592460785019
0.674,-23.00447387726033
0.679,-20.5786050385578
0.684,-16.71337672242641
0.689,-14.958614471890092
0.694,-14.305544632723393
0.699,-9.729428063644885
0.705,1.4774043497969516
0.71,26.826386943357292
0.716,82.86996770623655
0.721,165.31658213223903
0.726,217.69878084756658
0.731,166.59801589378338
0.736,4.9925763383775985
0.741,-180.9552030571632
0.746,-284.05248440841257
0.753,-265.3767268850175
0.758,-170.5559509722962
0.763,-76.7424176408821
0.768,-31.56883484975471
0.773,-29.88762221413452
0.778,-37.2183002255163
0.783,-32.34774164608803
0.788,-23.07999371622944
0.793,-22.878707666823413
0.798,-28.085036299128838
0.804,-26.765162439708043
0.809,-17.27264531745648
0.815,-6.8712575602520305
0.82,-0.5008530887480536
0.825,0.5804313220444537
0.83,-3.265860239996129
0.835,-7.463843833762009
0.84,-6.272332875019035
0.845,-1.5614746944473232
0.851,0.1698417724819838
0.856,0.01595328554817635
0.861,4.9325511838701255
0.866,14.239343573723866
0.871,20.169555056927397
0.876,21.09006490315479
0.881,21.861530424885636
0.886,22.945588837679743
0.891,21.459227338998772
0.897,20.200618373080104
0.903,23.748356701762713
0.908,29.081379225479065
0.913,30.442021826065925
0.918,28.869583359228322
0.923,28.457427474092235
0.928,29.546353574470164
0.933,32.51030638253788
0.938,39.6858218438102
0.944,47.04462526821185
0.949,44.398290689307515
0.954,31.131451857641107
0.959,21.018525142856195
0.964,24.064745974629748
0.969,33.73962243346296
0.974,38.302737680064276
0.979,34.697670892021534
0.984,26.841074439545885
0.99,20.365734149557284
0.996,21.60374184826382
1.001,31.43271787720041
1.006,39.391461032400215
1.011,34.17339277899016
1.016,19.0736758770898
1.021,7.441739706941825
1.026,5.748237769070437
1.031,10.183616559500358
1.039,15.12535283282864
1.044,16.21642837086279
1.049,10.83836817400921
1.054,2.86111561455065
1.06,0.4117008217377247
1.065,4.337856768179767
1.07,7.324873582022603
1.075,6.869870099055729
1.08,8.42460663947162
1.086,14.078364361674277
1.091,19.73253748018486
1.096,24.198328373189028
1.101,29.519135906187422
1.106,33.10924962648575
1.111,31.397517602550273
1.116,29.356636139508243
1.121,34.5382370987953
1.126,44.113623819175736
1.131,48.913791021341105
1.137,46.78838422402973
1.142,42.04285958633233
1.148,37.159661497783986
1.153,34.34356563586551
1.158,37.81248270949808
1.163,45.69258995739756
1.168,48.318257109181644
1.173,42.31190101421283
1.178,36.03129154937287
1.184,34.25537879793681
1.189,30.311968526972187
1.194,21.320422938594668
1.199,17.254652785953105
1.204,24.83340085648974
1.209,34.84752055899945
1.214,35.57025741925286
1.219,28.125874573199546
1.224,20.481694719496662
1.23,16.690134555044402
1.236,18.089809829780886
1.241,24.056520421957156
1.246,27.592817412537002
1.251,22.150711584468628
1.256,14.33084679867602
1.261,16.052925336420206
1.266,24.462798323757514
1.271,25.47136561412432
1.277,16.425224674556684
1.282,8.553260332988236
1.287,7.72661129588677
1.292,8.63473487795901
1.297,6.881826124012961
1.302,3.5456132424768687
1.307,0.23262368731728533
1.312,-0.7841435409398723
1.317,3.2099249745610736
1.326,8.76882099498414
1.331,8.101535675963387
1.336,1.0414281789496604
1.341,-4.750485228500803
1.346,-6.397796807159687
1.351,-7.544933886560649
1.356,-8.88380435452169
1.361,-8.667763501592358
1.366,-9.795278595484737
1.372,-14.777408721862596
1.377,-17.989396558067817
1.382,-14.22518069096059
1.387,-9.136754673004527
1.393,-10.037170269569536
1.398,-13.253418336016079
1.403,-11.55311095259179
1.408,-6.832028029275951
1.413,-5.315955727859595
1.419,-7.372700654969839
1.424,-10.110896550911692
1.429,-12.009345064108828
1.434,-9.196283939622031
1.439,2.516289011596527
1.444,16.55184167523038
1.449,18.018217824624475
1.454,2.518911655090884
1.459,-18.439672919588862
1.464,-34.09095583633314
1.47,-44.349757239301745
1.476,-51.045370036372994
1.481,-52.91423964678042
1.486,-52.07379106633949
1.491,-52.9197496815598
1.496,-53.42188578787135
1.501,-49.433116153090346
1.506,-45.80791725322934
1.511,-49.44844318080358
1.517,-54.175987574043575
1.522,-48.43150369565865
1.527,-36.05723025082682
1.532,-31.81627507924282
1.537,-33.57911952919356
1.542,-13.778102878963375
1.547,51.2024470258462
1.552,142.2618895578083
1.557,192.01710521294888
1.563,132.33102589102094
1.569,-34.92103020076995
1.574,-217.87499635037048
1.579,-306.4967353725388
1.584,-270.61312724180425
1.589,-174.91000027635627
1.594,-100.53992061704501
1.599,-73.4835157149797
1.604,-69.73808874088384
1.612,-61.40198908923023
1.617,-42.04081733068064
1.622,-22.13239768328101
1.627,-13.796096179645595
1.632,-17.215740019436577
1.637,-20.546080752102434
1.643,-15.798013930292699
1.648,-8.331083471012542
1.653,-5.170928895865535
1.659,-3.932900574598131
1.664,-0.815140997260491
1.669,1.5710614450889597
1.674,2.001938184559163
1.679,4.540162884663521
1.684,8.208726436383657
1.689,5.616975881627635
1.694,-2.611285228131495
1.699,-5.653895172177446
1.705,0.5922963371291758
1.71,8.109064113684946
1.715,11.650143764498084
1.721,14.995533238973362
1.726,19.54106799797155
1.731,20.252139624583016
1.736,15.563779623283832
1.741,9.904607536752156
1.746,5.991368084218157
1.752,4.426909767486916
1.757,8.031181370846966
1.762,16.584669576219287
1.767,22.209547449230193
1.772,19.903459585907104
1.777,16.179398331315692
1.782,17.613248480244437
1.787,19.07523204241462
1.792,13.831475489858198
1.797,6.836563708611317
1.803,6.955475987945553
1.808,13.249146747153837
1.814,18.587492683526996
1.819,20.029130917724704
1.824,17.93797394283133
1.829,12.029502062790757
1.834,4.435989113567018
1.839,-0.7067148463208395
1.844,-4.539552984027058
1.85,-11.747268320715266
1.855,-20.070877202676517
1.86,-22.485795616725785
1.865,-20.472812893568612
1.87,-22.631213469921907
1.875,-29.731042889544387
1.88,-33.95430762004399
1.885,-32.51474059313481
1.89,-29.42753035846097
1.898,-25.81264874972573
1.904,-20.80774391347074
1.909,-18.326114648433116
1.914,-21.209931582333216
1.919,-23.799298295805425
1.924,-20.351610403063795
1.929,-14.524708279618675
1.934,-12.482477296433009
1.939,-13.753435514526867
1.945,-14.921830123698696
1.95,-14.638821341190608
1.955,-11.04986339241119
1.96,-2.9091585946347864
1.965,4.395336833586738
1.97,3.5014686445303025
1.975,-3.0893293565154565
1.98,-6.0189940955643335
1.985,-3.633535594334871
2.03,-2.283473058800298
2.035,-3.5084565951501783
2.04,-3.6050964889627632
2.045,-4.117780394356607
2.05,-8.909960943229084
2.055,-12.854487493724754
2.06,-8.482491650836426
2.065,-1.9377153490917323
2.07,-6.04846194205311
2.076,-18.657075164349894
2.081,-24.42363958928572
2.086,-17.79175352768111
2.091,-8.316033183625139
2.096,-3.7016964242130697
2.102,-2.4782404507662408
2.107,-2.6143030445569844
2.112,-3.9995540478579397
2.117,-4.0447798459773825
2.123,-1.7171032608472863
2.128,-1.7273375393951305
2.133,-5.407625293792723
2.138,-4.997766190976828
2.143,3.3611086531961005
2.148,10.336625619837019
2.153,7.137622738643944
2.158,-1.2395213323964709
2.163,-5.690177938204109
2.169,-5.622492431610159
2.174,-3.900511850034153
2.179,-0.13905538941551515
2.184,3.7335939267841467
2.189,1.8893224667857917
2.195,-5.444779443628866
2.2,-10.108523447405227
2.205,-7.675010068442561
2.21,-1.9982368215965187
2.216,2.288501920787802
2.223,2.8072113207561853
2.228,-1.8673765203260881
2.233,-7.044802562455687
2.238,-2.153141876447301
2.243,13.298338374923441
2.248,22.993053277236694
2.253,14.508214110189137
2.258,-2.5884908381288785
2.263,-9.714999073537975
2.269,-0.5032745927913954
2.275,19.12247772040165
2.28,40.28667210023288
2.285,53.10144690269641
2.29,51.512682524257414
2.295,42.19595291214995
2.3,36.97194639281639
2.305,34.572400879770974
2.31,24.14176978417561
2.316,6.428925615252405
2.321,-5.8481209934658445
2.326,-8.952667676517091
2.331,-11.686342537274772
2.336,-17.56309828377247
2.341,-20.3708318223947
2.346,-17.784616681215354
2.351,-14.042137336708869
2.356,-9.61324667622793
2.362,-1.7397987831842447
2.368,6.390765837710694
2.373,8.299795546463791
2.378,4.042827083760979
2.383,2.617395069347199
2.388,21.765513362340215
2.393,81.8696223076908
2.398,175.66429768259368
2.403,240.14179216699668
2.409,194.27958981980473
2.414,28.562028209836733
2.419,-164.6730878272634
2.424,-272.09858467254867
2.429,-257.6263355399511
2.434,-171.02642231455076
2.439,-83.56776508623265
2.444,-34.337143175281255
2.449,-21.638943874019727
2.456,-22.133348936273865
2.461,-17.558400749651668
2.466,-9.66670547945211
2.471,-8.804783043149952
2.476,-13.617413434485119
2.481,-12.778057385263708
2.486,-3.05734951175324
2.491,6.720749298106593
2.496,8.630649682048025
2.502,3.791849994973823
2.509,-0.49610093930992066
2.514,3.174948406455184
2.52,14.743084136495158
2.525,23.441827754202397
2.53,19.53785598421771
2.535,8.72126268504506
2.54,4.730746486274941
2.545,9.937928592713654
2.551,15.569828432628515
2.556,17.91743814994842
2.561,20.22162428372264
2.566,21.689305916197988
2.571,19.23648402070809
2.576,17.346616505509783
2.581,22.614454480752592
2.586,31.740445713746688
2.591,36.92698171172162
2.597,38.07961592047232
2.603,38.474235808055006
2.608,35.921342607710216
2.613,29.925544318691475
2.618,28.632983619624493
2.623,36.67620780034084
2.628,45.37259568605797
2.633,45.7885961641692
2.638,41.34146027299786
2.643,38.032686509493175
2.649,34.105696775485086
2.654,28.5895425422761
2.659,27.62489049314129
2.664,33.74872198679318
2.669,40.79988254513941
2.674,45.25009657461385
2.679,49.61487044509044
2.684,51.1989304652934
2.689,42.53767681737104
2.695,26.211450840679678
2.701,14.112462464284334
2.706,9.699044242349498
2.711,5.366259225734663
2.716,-2.142718566633026
2.721,-8.08099631216397
2.726,-10.65857423183367
2.731,-11.882961341426483
2.736,-9.331616331781527
2.742,-0.06293355554742086
2.747,10.130945398192301
2.752,13.108379858059486
2.757,9.954854330341501
2.762,6.542214690202685
2.767,4.1180595512663
2.772,2.7464862652520505
2.777,5.123668262494341
2.783,9.345711903444467
2.788,8.513980778689698
2.796,3.510458801694326
2.801,3.619631904333171
2.806,10.089483157177941
2.811,13.098842526956567
2.816,8.241046939605761
2.821,2.21428023783783
2.826,0.7463169593020784
2.831,3.5278978230342695
2.837,10.067156396534246
2.842,18.741296602075725
2.847,22.901814520142086
2.853,18.47324127961872
2.858,11.13089645879289
2.863,7.481748254421327
2.868,5.724953902696888
2.873,2.403835301596165
2.878,-0.013854177207110463
2.884,0.9074569178661395
2.889,2.999507524253936
2.894,5.767621921181767
2.899,11.02636105129394
2.904,14.408253913917594
2.909,8.780019381825397
2.914,-1.615980027655457
2.919,-4.573417404681234
2.924,0.6680579038519593
2.93,2.7350073643061967
2.936,-1.7255570839553083
2.941,-3.7913916782263355
2.946,0.05580866065093215
2.951,2.887804683698389
2.956,2.1086509906484174
2.961,3.046857962323907
2.966,5.904528793643291
2.971,4.641469299241152
2.976,0.47969315344743957
2.982,1.8471240436116183
2.987,9.360236491117229
2.992,13.954946319167286
2.997,10.751354518568574
3.002,3.719331193037465
3.007,-2.3538722912093095
3.012,-4.9335063640979255
3.017,-2.1750852617352936
3.022,2.813996084313308
3.028,1.4383884111358225
3.034,-8.306819227464542
3.039,-16.12950432669908
3.044,-13.640669719882299
3.049,-5.989111183724908
3.054,-2.0954790113321646
3.059,-2.5072328810496627
3.064,-3.4507163975838724
3.069,-3.670493830057752
3.075,-2.2825263971715657
3.082,1.6537194695315471
3.087,5.26660239057048
3.092,5.1247229461376556
3.097,2.9832064695834037
3.102,1.8396055124270687
3.107,1.3761395130394698
3.113,2.58472595515744
3.118,7.886431520015735
3.124,12.185137634817679
3.129,6.86117617341523
3.134,-2.3406337038558003
3.139,2.5500633815527247
3.144,24.892133927502442
3.149,45.05572215486929
3.154,46.41294326277462
3.159,34.08506160823846
3.164,21.032542305326608
3.17,11.391260781468139
3.175,4.319205634015514
3.18,-0.5274691188018307
3.185,-6.8301728576152145
3.19,-17.784510065056732
3.196,-26.527220593750837
3.201,-23.67404009945729
3.206,-13.8336250270757
3.211,-10.881736236710246
3.217,-18.234026396845803
3.222,-26.268202878663786
3.227,-26.64957606323989
3.232,-19.108038889768054
3.237,-8.954924429038028
3.242,-4.067324275885245
3.247,-2.5157313868189903
3.252,21.93391017742681
3.257,97.42790837444532
3.263,198.58409601418546
3.268,238.07502810407888
3.273,147.23866470316494
3.278,-41.22611329945555
3.283,-215.18179037434547
3.289,-284.0752310566205
3.294,-243.85598083206824
3.299,-154.81516440260097
3.304,-79.75382751379324
3.31,-42.829822126954966
3.315,-29.729853716126595
3.32,-17.743714823225766
3.325,-3.20115046476678
3.33,3.0457129097539553
3.335,-0.5683091383036126
3.34,-2.1263243887435834
3.345,4.987479827809422
3.35,13.770431339895763
3.355,15.521442858262867
3.361,9.048427995436333
3.369,-1.0665830633618953
3.374,-6.413881968917286
3.379,0.8141549682602329
3.384,17.233650922394
3.389,28.380676776988018
3.394,25.862448365032396
3.399,16.595991264683548
3.404,11.256955485316153
3.41,13.691173930187116
3.415,23.327381536110366
3.42,35.69011881164225
3.425,40.27551992974536
3.43,31.416503177807396
3.435,20.21635743966329
3.44,21.845727589019642
3.445,33.302217433259756
3.45,37.670902899953525
3.456,27.14153343639279
3.462,8.234977815317178
3.467,-11.149084341747859
3.472,-25.86578807676829
3.477,-29.743225171736817
3.482,-21.761833457352807
3.487,-12.073379703417855
3.492,-10.373170296960742
3.497,-13.352452477711376
3.503,-12.950508921341365
3.508,-9.483332878122987
3.513,-7.628610988028603
3.518,-7.764501684325315
3.523,-9.181436230438885
3.528,-13.249846249386456
3.533,-17.771613533618027
3.538,-18.190776764808188
3.544,-18.286548260678227
3.589,-27.682011077986097
3.594,-45.29641105705084
3.599,-58.42471972326116
3.604,-61.35577409529796
3.609,-60.89328458877466
3.614,-60.74821587103593
3.619,-55.78010125775099
3.624,-45.16816143812188
3.63,-36.251595607544616
3.636,-31.721283593800067
3.641,-26.782153102328042
3.646,-21.204176486944682
3.651,-20.773274272014547
3.656,-25.371769038023682
3.661,-27.84876230811211
3.666,-25.18967876267758
3.671,-20.845381275316846
3.676,-17.846587373305805
3.682,-17.810287161113664
3.687,-22.317916649094958
3.694,-28.425074803115695
3.7,-29.284479853115013
3.705,-24.463640701680333
3.71,-21.56656675042066
3.715,-24.077272715972626
3.72,-26.91566463951246
3.725,-26.29825765061683
3.731,-24.155183812193535
3.736,-21.834413848966733
3.741,-19.423843039215278
3.746,-20.439114556942428
3.751,-26.522147388096574
3.756,-30.039174078027095
3.761,-23.546080033471004
3.766,-12.934300655208267
3.771,-9.293022649925772
3.777,-12.686471652460082
3.783,-15.727590204709058
3.788,-16.651678996854592
3.793,-17.11538577037742
3.798,-14.58455798798301
3.803,-8.101392282408742
3.808,-3.7190997523789298
3.813,-4.835700173609324
3.818,-6.16120846417001
3.824,-4.723585787008428
3.829,-5.689780202481112
3.834,-10.40029305943483
3.839,-11.151250742775712
3.844,-4.653641285902051
3.849,1.6347989258544242
3.854,2.144728501888151
3.859,0.2304523190110377
3.864,-0.9403658335719001
3.87,-2.4058894633975987
3.876,-2.4018069674481133
3.881,2.485342206223505
3.886,8.52440282973163
3.891,8.908036176762682
3.896,5.561815219320353
3.901,5.501957389116892
3.906,8.351710018948424
3.911,9.075629054560629
3.916,8.688208515063378
3.922,10.433052070442
3.927,10.938702082787275
3.932,6.785869566827146
3.937,3.0822724661798384
3.942,4.537279760741843
3.947,6.328183341924726
3.952,4.526247309506188
3.957,5.963616395919626
3.963,16.451596911050903
3.968,28.155505431338742
3.974,29.390643750848675
3.981,20.343561542920593
3.986,12.186377309212848
3.991,16.13678676107522
3.996,34.99660997392015
4.001,58.85008881795591
4.006,70.92534801485131
4.011,64.7344416100737
4.017,50.94034776456347
4.022,41.04138974498732
4.027,32.97138662443551
4.033,20.927096025669062
4.038,8.679984537928595
4.043,2.626000118111185
4.048,1.3360244457665074
4.053,1.672111788187348
4.058,5.278616038462422
4.064,10.805935356550336
4.069,11.160876674169401
4.074,6.043212703835177
4.079,5.109508273726815
4.084,12.519104314198529
4.089,20.969787987062066
4.094,25.566182397632062
4.099,32.101403390241465
4.104,51.76031207138785
4.11,97.01753736031625
4.116,169.05859274674515
4.121,229.5693193742964
4.126,206.39442455037107
4.131,65.89315541229733
4.136,-126.8716750946024
4.141,-255.12079759220836
4.146,-258.9665183433241
4.151,-176.32457695818812
4.157,-85.45497367803077
4.162,-34.68949390682249
4.167,-24.248524886114065
4.172,-27.591315705949917
4.177,-21.09431472717228
4.182,-4.063523027740382
4.187,6.759151920367627
4.192,2.6808065191574952
4.197,-6.901464902981388
4.203,-12.603846472066106
4.209,-17.19084229344948
4.214,-22.421740129814527
4.219,-20.337135128845432
4.224,-7.737892713895166
4.229,4.482753145973905
4.234,5.738443455069174
4.239,-1.6602235536642922
4.244,-9.749609359225422
4.25,-13.385013546423616
4.255,-8.828875245768884
4.26,3.9415129213736404
4.267,16.157838009072684
4.272,18.68663158546349
4.277,14.763751759442483
4.282,14.782822170529476
4.288,22.113836838043362
4.293,32.49781487197834
4.298,41.46634871643658
4.304,45.18949618761802
4.309,41.572268620775866
4.314,35.897484977667474
4.319,36.57254975688731
4.324,42.349521425878876
4.329,44.38086550400212
4.334,41.84479342549042
4.339,42.55666309081975
4.344,47.67601560971446
4.35,50.101729394951704
4.355,48.37674465912293
4.36,47.75622051271923
4.365,48.003603556349674
4.37,44.80840967146548
4.376,41.86521698393286
4.381,46.47737704685421
4.386,55.05103197602799
4.391,57.622780702547544
4.397,53.79319119718174
4.402,49.73397307059067
4.407,43.92635034016379
4.412,31.045791821186025
4.417,15.613103463097787
4.422,7.406695318504273
4.427,7.183579280674365
4.432,8.451751986937552
4.437,8.116247083789052
4.443,5.96671605938063
4.448,0.5984695031796134
4.453,-6.111097884391311
4.459,-8.279949117551546
4.464,-5.510089353352577
4.469,-3.868527729170599
4.474,-4.181735560243185
4.479,-1.3144462503337633
4.484,2.7833757588854207
4.49,0.27960221816326536
4.495,-5.594193290741105
4.5,-1.8753521002637306
4.505,11.230133390877473
4.51,16.317619936493056
4.515,4.713043134274382
4.52,-9.412821804238776
4.525,-9.141659546702444
4.53,3.9832045232347264
4.536,16.03216203193587
4.541,17.225087572019905
4.547,7.498058591436492
4.554,-5.9536940971443935
4.559,-14.455996748896151
4.564,-15.600187580458137
4.569,-12.935982864959682
4.574,-8.045729141507994
4.579,-1.6377675491623147
4.585,-0.6431362064255659
4.59,-10.709782530619368
4.595,-23.437934785256306
4.6,-26.287316789441313
4.605,-22.64011530592246
4.61,-25.621865652893
4.615,-35.018766419092294
4.62,-38.014820481986845
4.625,-31.194147838449368
4.631,-25.071304175063972
4.636,-27.275716196750523
4.642,-34.97749508694927
4.647,-42.48094546903029
4.652,-45.47557972542396
4.657,-41.666282136097315
4.662,-35.50727224914062
4.667,-34.95353542126074
4.672,-37.57748372069306
4.677,-32.56026625364278
4.683,-22.178925471131425
4.688,-23.362550535167475
4.693,-39.3615924069933
4.698,-49.60140656695204
4.703,-39.22108256350904
4.708,-20.75283343782239
4.713,-14.275121361432362
4.719,-21.373528616487125
4.724,-29.897124969745377
4.729,-31.453701346310424
4.735,-25.083092750420793
4.74,-14.7040791474702
4.745,-9.020612530394054
4.75,-14.117883226109038
4.755,-23.63798884869309
4.76,-25.863157745675526
4.765,-19.570444911709174
4.77,-12.508655681989985
4.776,-7.842498954768605
4.781,-4.127142562081031
4.786,-3.947294354733513
4.791,-9.307222653727797
4.796,-12.972134764790784
4.801,-7.476585790425383
4.806,1.4051294042200881
4.812,2.2412500265957886
4.817,-4.714910695893615
4.823,-8.209927898559126
4.828,-0.9328565468474584
4.833,14.026393513412163
4.84,28.254376826528112
4.845,34.33450968591631
4.85,30.864934911554144
4.855,23.381205996245804
4.86,16.528200361708652
4.865,8.13426464936952
4.871,-2.7512233608943646
4.876,-8.96107531336764
4.882,-6.708025752508939
4.887,-5.728222363025498
4.892,-14.773356037122323
4.897,-25.4242876660354
4.902,-25.162747253845517
4.907,-18.11451743458559
4.912,-16.796625932051676
4.918,-20.90967657966975
4.923,-20.763701932714586
4.928,-15.874352652488463
4.933,-13.549689499427458
4.938,-9.238684489936174
4.943,19.65362082015918
4.948,91.97574459885288
4.953,188.5812879626614
4.958,241.2783199002354
4.963,177.90342970549992
4.969,0.49266679644835065
4.975,-192.13177116293983
4.98,-285.3133863727524
4.985,-251.06788527292613
4.99,-155.10343673858276
4.995,-74.52993434553545
5.0,-34.912858627899936
5.005,-21.027856536008287
5.01,-14.404019565059624
5.016,-7.840167940041432
5.021,-1.8095281943674628
5.026,0.8167134675255178
5.031,1.1179450301769935
5.036,5.197770208397694
5.041,13.94569494188293
5.046,18.429295208918813
5.051,13.550454711981166
5.056,7.718075988875125
5.062,9.520283374967942
5.068,14.304566582271331
5.073,14.102091398382564
5.078,11.00341217832798
5.083,10.284133784077191
5.088,9.925632823938201
5.093,7.667466946894097
5.098,9.898062748793079
5.103,22.35643801439753
5.144,38.086021867422076
5.149,45.34959374633329
5.154,43.52483266521487
5.161,41.27554135995032
5.166,42.41252121644448
5.171,43.27014334289037
5.176,40.69585830037969
5.182,34.15550365385065
5.187,24.93409960653329
5.193,20.023112903382444
5.198,28.142183396368118
5.203,44.94479309809194
5.208,53.4908614028364
5.213,47.023949429698185
5.218,38.36581849033234
5.223,38.58232906693081
5.228,40.73469750360379
5.233,34.649671600269514
5.239,23.98116364840522
5.244,17.854065271368746
5.249,17.041289411974727
5.254,17.211002779621534
5.26,16.011259491529398
5.265,11.588479511838027
5.27,3.0955674844015966
5.275,-6.041998574358849
5.28,-13.535159849346948
5.286,-22.708999518279285
5.291,-32.33784698835731
5.296,-31.219289311947385
5.301,-15.879955050231821
5.306,-3.162999996354602
5.311,-9.282726439456864
5.316,-25.733191254158026
5.321,-31.936526818682854
5.326,-22.743015548605367
5.332,-8.422945439598656
5.337,2.7246338176526086
5.343,7.10271629718603
5.348,1.4915699546811998
5.353,-9.726493962907169
5.358,-12.674305418896314
5.363,-1.6644289546444813
5.368,11.251232457821814
5.373,14.445838890324952
5.379,12.331575002545756
5.384,13.164942404423918
5.389,14.356992311670188
5.394,10.064866598964606
5.399,2.151212475742641
5.404,-4.333911479740589
5.409,-7.000973083637859
5.414,-3.8263691911600803
5.419,4.681737228558784
5.425,10.401388854073467
5.431,5.995714933925707
5.436,-2.9019946161187176
5.441,-5.349706813183959
5.448,-1.3601439430974476
5.453,1.0459957509204392
5.458,-0.5012333083602183
5.463,-3.134109460499957
5.468,-5.969969292438428
5.473,-7.4261548406941715
5.479,-3.517031289265467
5.484,3.60814803676252
5.489,4.9124053092985145
5.494,-1.6286127623687632
5.499,-6.403129368313501
5.504,-2.4199585010165965
5.509,5.4747788118877345
5.514,9.25425258928916
5.52,6.760773462562287
5.526,0.2724046808662765
5.531,-5.840672811449782
5.536,-5.977400116229571
5.541,0.6732106633104102
5.546,6.764161666206052
5.551,6.251971153988385
5.556,2.9258437467885496
5.561,2.613285935365609
5.566,3.7446623193987607
5.572,3.392033043623129
5.577,4.121676426544986
5.582,6.7002961581563465
5.587,5.778167417384635
5.592,0.553789833847045
5.597,-1.3237617847892835
5.603,2.87524706853223
5.608,6.444790564353224
5.613,7.521818373905666
5.619,12.819880646507608
5.624,21.681236489554173
5.629,23.078869010077103
5.634,14.930853663717073
5.639,9.94534093402555
5.644,15.510367009247664
5.649,23.098542749442192
5.654,23.7017772649909
5.659,19.783032795187964
5.665,17.49387905665054
5.67,19.95350176318098
5.675,30.194062544018397
5.68,47.72554699040505
5.685,61.41348816458342
5.691,58.180091109861735
5.696,39.162844882501126
5.701,17.564540810219924
5.706,2.7917834248068574
5.712,-4.531454870480999
5.717,-6.50223096457503
5.722,-6.248976290010302
5.727,-7.908773294333566
5.734,-11.321349413505466
5.739,-12.105213061713714
5.744,-10.12643913419269
5.749,-8.975829381473286
5.754,-6.401360299881135
5.76,1.8168029634601672
5.766,8.415575935777877
5.771,1.3384558808175115
5.776,-12.50366472427546
5.781,-3.323481983997238
5.786,54.56568769849054
5.791,150.67884850649148
5.796,227.12167844439907
5.801,206.10832347095345
5.806,57.215259727508005
5.812,-150.890771488908
5.817,-292.04013515233055
5.822,-296.21296046481007
5.827,-206.626271255437
5.832,-115.17225283211393
5.837,-68.1837751734629
5.842,-52.10896615348032
5.847,-41.648771035802774
5.852,-29.36858304146713
5.858,-18.64017023005797
5.864,-13.138180270750432
5.869,-13.63851236134769
5.874,-15.23872456826331
5.879,-11.585120417715542
5.884,-4.872741239600466
5.889,-2.8274197574176254
5.894,-4.9567007312280476
5.899,-3.5647004339917467
5.905,1.6192632129691573
5.91,3.4002030802770693
5.915,1.6695280764731006
5.92,3.869969447047356
5.925,10.369924390967437
5.93,12.59044342925713
5.935,6.839633739635203
5.94,-0.5491941371283937
5.946,-2.1605415450791403
5.952,3.9134167709787953
5.957,14.159803705463872
5.962,20.58210588349746
5.967,16.665372881804245
5.972,7.709403435714318
5.977,7.539259708956586
5.982,19.22060497132677
5.987,29.08873449353376
5.992,26.995591437322645
5.998,21.011757614687927
6.003,23.41172844386833
6.008,33.35234828579306
6.013,42.12727918335917
6.02,45.214131247381324
6.026,42.1685427993473
6.031,34.06151956469391
6.036,25.146030707139097
6.041,18.75522650895749
6.047,11.789987787106323
6.052,2.062979745337106
6.057,-2.792768106031924
6.062,5.317122761228955
6.067,20.687350882458627
6.072,29.358310732654807
6.077,24.871938433628145
6.082,10.540850324287176
6.087,-7.263598789015975
6.093,-20.524174309020633
6.098,-22.727624556594094
6.104,-17.925020018511415
6.109,-17.919071414198747
6.114,-25.40423807593633
6.119,-30.711124800840338
6.124,-28.966449914303293
6.129,-27.065025741127993
6.134,-29.291484378921584
6.139,-30.136056232239937
6.145,-26.32098243168934
6.15,-22.894144509918142
6.155,-23.206663711392526
6.16,-24.278440346727166
6.165,-24.029504221991996
6.17,-22.842252195254893
6.175,-19.006879399382537
6.18,-12.421017638552314
6.185,-8.880377839192485
6.191,-11.03037009687933
6.197,-11.53411958346859
6.202,-5.150052049682508
6.207,0.6836729300206174
6.212,-2.031031589672357
6.217,-7.795749309456596
6.222,-6.740440806787364
6.227,0.07112439823306443
6.232,4.756266409674255
6.238,4.440975785587835
6.243,0.06029470513473545
6.248,-8.131604500635671
6.253,-15.65789258385103
6.258,-13.889769174599218
6.263,-2.7641198380568355
6.268,5.983401293781918
6.273,4.129956222003727
6.278,-4.429181804127593
6.284,-13.35527966244094
6.29,-20.05783144075131
6.295,-20.656962280606983
6.3,-12.288862643522197
6.307,-1.7938111266059473
6.312,-0.017993419842984804
6.317,-7.953848504965791
6.322,-18.236046571552855
6.327,-26.267918553219225
6.333,-30.879343563759303
6.338,-30.413006722793213
6.343,-26.74716894857012
6.348,-26.130919301841374
6.353,-29.280129029697232
6.358,-28.988574252163968
6.364,-22.56753969845775
6.369,-16.584917366498253
6.374,-15.405403530305486
6.38,-16.282797818699752
6.385,-18.078440968634276
6.39,-22.35135138315537
6.395,-25.13633720582995
6.4,-21.1058247483456
6.405,-15.184977454987328
6.41,-16.275240844461983
6.415,-21.66987416653893
6.42,-21.7130817547403
6.426,-16.48857118507982
6.431,-13.655968074858787
6.436,-13.879255183503084
6.441,-12.44675685919226
6.446,-10.659239408579676
6.451,-11.957335704122404
6.457,-11.711728772890472
6.462,-3.970294555400118
6.467,6.39195722228538
6.472,9.832039359969798
6.478,5.138226270177846
6.483,-3.1391196356135422
6.488,-12.370424100446249
6.493,-17.792899398761787
6.498,-10.65926690706773
6.503,9.583985973197269
6.508,30.465238237340685
6.513,41.429133840022835
6.518,43.21479846648703
6.524,37.58122117893302
6.529,22.29899039236779
6.534,2.6046011039426027
6.539,-8.120325893987538
6.544,-6.871890062684025
6.55,-6.1923101586125835
6.555,-14.603856483745712
6.56,-25.349820720202885
6.565,-29.499671504809253
6.571,-27.912523001428486
6.576,-26.507972659735245
6.581,-28.791196153526325
6.586,-33.38856119041315
6.593,-33.280311237688785
6.598,-22.55093634204956
6.603,-7.550830507636871
6.608,0.7261736476922093
6.613,11.237018075710191
6.619,52.45955609925009
6.625,132.0370725209122
6.63,205.87335706436858
6.635,203.7202164867402
6.64,90.69493408091587
6.645,-93.70743464036677
6.65,-252.74869215891266
6.655,-296.8730748427422
6.66,-212.30869645768607
6.699,-74.11850237550743
6.705,18.95403936594473
6.71,28.804981684523213
6.715,-5.310890748890441
6.72,-26.160730289764018
6.725,-16.073931024922306
6.73,6.0712178951954305
6.735,21.015218040915414
6.741,24.063994658016753
6.746,16.596990881796557
6.751,3.5425729141397975
6.756,-3.9179288497491793
6.761,1.3794873838481818
6.766,11.669753733440075
6.771,14.99115058805472
6.776,11.997334884273501
6.781,11.139154124827467
6.787,13.997890337660865
6.793,17.100770369028655
6.798,20.856487148892636
6.803,25.373195275812815
6.808,25.5589773753093
6.813,20.684580403041448
6.818,19.645138320554334
6.823,27.56411792175604
6.828,37.27515791941469
6.833,41.66066757701384
6.839,42.928362104932596
6.844,43.437407415174626
6.849,40.37275542362603
6.854,35.327446186473054
6.859,36.06554346428556
6.864,43.650996876814354
6.869,49.47297820865391
6.875,48.032132693318985
6.88,42.49511640727989
6.886,37.62105213756487
6.891,36.58623425279627
6.896,41.6708757442556
6.901,48.831650111759686
6.906,47.114391359791156
6.913,32.45060514041766
6.918,15.087145626225613
6.923,5.909303783059532
6.928,4.434179031928907
6.934,6.092189314145605
6.94,9.442873580658993
6.945,10.431027178752712
6.95,2.874154444008645
6.955,-9.172028858271858
6.96,-12.31405071443842
6.965,-2.284147155410274
6.97,10.199663477822984
6.975,14.975824531830206
6.981,12.339336321018074
6.986,6.786327119186596
6.991,2.6798646886509814
6.996,5.1062026168509185
7.001,13.71539919912065
7.006,18.865944244038666
7.011,14.42965542739156
7.016,8.315832433796576
7.021,9.67640045422527
7.027,14.603734918610574
7.033,16.15691265624231
7.038,17.750371869550104
7.043,23.410167178038467
7.048,25.89611541296971
7.053,18.622535636619148
7.058,9.156523975539338
7.063,7.678299122795785
7.068,11.975052029467458
7.074,15.081812050371775
7.079,16.61534918104136
7.084,16.735382358536008
7.089,11.533512150320094
7.094,3.5848660644404906
7.099,4.02622433061479
7.104,15.661579867680114
7.109,26.16389413365125
7.114,24.88939527643602
7.12,15.359144324879518
7.126,6.708105266456138
7.131,3.4868756485197476
7.136,6.22917714114707
7.141,11.928743921243292
7.146,13.448717833632902
7.151,7.3704856644358605
7.156,0.3053859366589692
7.161,-0.6431700334932241
7.166,1.5850650855171335
7.172,1.479941611154474
7.177,1.4322115001441353
7.182,5.194955350085864
7.187,8.718040290108695
7.192,6.819887706500209
7.2,1.8435862319217096
7.205,-1.2755028830240231
7.21,-1.3406094266556765
7.215,1.325267960333766
7.221,5.387498823914894
7.226,6.3428065930310105
7.231,2.397399309835068
7.236,-0.28510976034927604
7.241,2.8419856795115788
7.246,5.7515460367129325
7.251,2.3188037088140296
7.256,-2.129855287094694
7.261,-0.6505846863742284
7.267,2.744819089312002
7.272,1.9193761200953805
7.278,0.6077531113336605
7.283,3.415212988857488
7.288,4.584322487597064
7.293,-1.3086190551587045
7.298,-6.684329648044144
7.303,-2.0047039914818567
7.308,8.501654737886671
7.314,13.511425115352013
7.319,9.809101632378656
7.324,2.7017833017731343
7.329,-0.867167211594988
7.334,5.136577510280635
7.339,20.698962495468884
7.344,34.9848873259601
7.349,37.021881452113504
7.354,30.048205876101267
7.36,23.4993063876159
7.366,15.474381946588744
7.371,-1.3564488295462636
7.376,-21.305018940074543
7.381,-30.561784544013523
7.386,-27.511597564683328
7.391,-22.77485736497942
7.396,-22.47896366170727
7.401,-24.892822605126728
7.407,-28.72421710416426
7.412,-32.24472920375721
7.417,-29.84543455807094
7.422,-20.735952098605306
7.427,-14.84171691377671
7.432,-20.089476683232284
7.437,-29.087361307797586
7.442,-23.421370280443373
7.447,15.60288235465993
7.453,95.561787056921
7.459,190.42935308499358
7.464,231.11980867382292
7.469,154.18391783462314
7.474,-22.294843166111548
7.479,-195.14407843940327
7.486,-266.3865515118573
7.491,-224.7276784241141
7.496,-133.83048207527878
7.502,-62.039448281321995
7.507,-33.46579731308589
7.512,-30.398233002771146
7.517,-27.165491071756087
7.522,-18.65939788526291
7.527,-15.793688389218724
7.532,-20.362297745266947
7.538,-20.266296931061
7.543,-10.8149276068924
7.548,-2.609376330255405
7.554,-2.61929328193897
7.559,-3.9504609982685492
7.564,-0.4535946452852422
7.569,3.8189255025431406
7.574,5.2638714165855465
7.579,7.091219249301427
7.584,10.826846928139945
7.589,13.509019984906349
7.594,15.275502005200764
7.6,18.319976506418556
7.605,18.988036028475836
7.61,13.240203592935785
7.615,7.736274424528157
7.62,11.90064595012802
7.626,21.48656524653901
7.631,24.11022532827532
7.636,18.681027971236535
7.641,15.353600722873697
7.647,18.68189686622646
7.652,24.340101439702764
7.657,29.66768816559889
7.662,34.86964943717802
7.667,37.472723484542236
7.672,36.54417928674169
7.677,37.087867674707574
7.682,41.25547488208581
7.687,42.96531827418751
7.693,38.99338535818169
7.698,35.40591336195321
7.703,35.96813984164032
7.709,35.75376306120504
7.714,32.62823893925695
7.719,32.35494221036886
7.724,36.21133074930175
7.729,36.21874434671567
7.734,27.995455659348167
7.74,16.63904397445722
7.745,6.643837247801621
7.75,-2.629548880731632
7.755,-10.408630238389359
7.76,-14.649885087184888
7.765,-18.000844933867683
7.772,-23.82336108660723
7.777,-29.747784521351576
7.782,-33.35672244759418
7.788,-37.137229609801196
7.794,-40.34903091838561
7.799,-36.301458092157496
7.804,-25.388769277919664
7.809,-19.272179929472106
7.814,-24.490489315675013
7.819,-32.93278406905842
7.824,-34.741940600969805
7.829,-30.219037450276687
7.835,-24.76972153959332
7.84,-22.238679146326866
7.845,-25.209490078012067
7.85,-31.718826634439967
7.855,-32.38030267779512
7.86,-21.887837126346188
7.865,-10.40305022352813
7.87,-10.90427349581786
7.875,-19.50249776382921
7.88,-22.21654136594607
7.886,-16.42970875141354
7.892,-10.904755485405408
7.897,-9.389253399427565
7.902,-9.057390341715346
7.907,-10.6226273680839
7.912,-15.917313075584959
7.917,-19.94663015071458
7.922,-17.726888005403822
7.927,-13.681396841240321
7.933,-13.882096446964283
7.938,-16.11784554461732
7.943,-16.565867456114177
7.948,-17.403038196668497
7.953,-20.07330931042262
7.958,-21.025576165556586
7.963,-20.23248938911837
7.968,-22.91012694238586
7.974,-28.382422270830133
7.979,-29.11749137864468
7.985,-23.768351642676087
7.99,-19.21880222953206
7.995,-18.646627266363417
8.0,-19.45850207220512
8.005,-21.973162372135068
8.01,-27.775996726041857
8.015,-31.725640126328077
8.02,-27.960914458667943
8.026,-20.884836679272954
8.031,-18.686362151981413
8.036,-20.22358460846757
8.041,-19.198178634454052
8.046,-15.861440192071928
8.051,-14.437006661904592
8.059,-15.060410071957085
8.064,-16.229696366637555
8.069,-17.737145285138418
8.075,-16.434703019831392
8.08,-9.401156671912469
8.085,-3.550604006671653
8.09,-8.912916311892438
8.095,-21.262821296198883
8.1,-25.893655393891404
8.105,-18.89100839852113
8.11,-10.427212073939137
8.115,-8.218434440972807
8.121,-11.336807368936203
8.126,-17.43453898472068
8.131,-23.175724529403062
8.137,-21.8193214374374
8.142,-12.04045864114089
8.147,-3.579018918200561
8.152,-4.192773207374854
8.157,-8.442451507110054
8.162,-8.390158290403187
8.168,-6.061865508900686
8.173,-5.843809984820695
8.178,-4.120122429250507
8.183,3.8592566966681816
8.188,15.075571944537225
8.193,24.310229010400253
8.198,30.387859224583938
8.203,31.73609438093145
8.208,25.413835129407875
8.213,14.566353669015527
8.259,6.554854821884616
8.265,1.9256203702455361
8.27,-3.0390702896569675
8.275,-4.148677404119194
8.28,4.7251377491940785
8.285,15.567252654915505
8.29,16.115949624974434
8.295,17.954298317576114
8.301,54.20629821275556
8.306,137.78468154193482
8.311,228.92239338367608
8.316,253.19147401039697
8.321,160.51282955751637
8.326,-22.110747413351348
8.331,-196.46374156643725
8.336,-267.7296423238926
8.341,-223.22854867616937
8.347,-131.08384633443728
8.353,-62.66670012755951
8.358,-33.560058416917805
8.363,-20.825698899406447
8.368,-8.734809014355358
8.373,0.5650238055455182
8.378,3.6170597311900585
8.385,3.2365310176750564
8.39,4.378597947948271
8.395,9.691331520773385
8.401,15.563492340372006
8.406,14.543000940066092
8.411,7.591410584398667
8.416,6.692365613840119
8.422,17.078565951864025
8.427,26.961541894534484
8.432,25.150939081147644
8.437,18.05178942336173
8.442,17.922873195048382
8.448,24.81316460312781
8.453,31.130525294229944
8.458,33.75135696391513
8.463,31.91491797266402
8.468,24.084184534092973
8.473,15.187802983213837
8.478,15.333416148187082
8.483,24.621603075209553
8.488,31.462097271599465
8.494,30.732274105355053
8.5,30.11963098507081
8.505,34.466667426835826
8.51,37.74539587659794
8.515,34.45543828606106
8.52,26.779581623361967
8.525,18.73194268668086
8.53,14.22682986523616
8.535,19.221916449085512
8.541,34.12883082438872
8.546,47.93388487109319
8.551,51.42439741292142
8.556,50.032520678551826
8.561,51.98532566904325
8.566,52.967086423939
8.571,46.32875547224832
8.576,38.72655584317053
8.581,40.05716889106626
8.587,46.316555193210625
8.593,47.225095324272246
8.598,42.45936194338543
8.603,36.91515046115263
8.608,29.107547055919344
8.613,16.73301901769269
8.618,4.791309919898487
8.623,-1.9613794776485207
8.628,-5.917419871221413
8.634,-9.298675469889629
8.639,-9.792292565617192
8.644,-8.01374613716822
8.649,-9.187101854924045
8.654,-14.865379950175882
8.659,-21.88653431085576
8.664,-27.93754055903495
8.671,-29.344538936653496
8.677,-19.722232016742563
8.683,-1.4713596621562064
8.688,9.975444617081596
8.693,4.604248127842812
8.698,-8.620935684373878
8.703,-15.842517159968725
8.708,-15.10023875530553
8.713,-11.247196493440589
8.718,-6.303211055241727
8.723,-2.5247886255931036
8.728,-3.873639874590416
8.734,-8.626687082994764
8.739,-10.805888717808518
8.744,-11.154547860219779
8.749,-14.911016174323803
8.754,-18.857644076331248
8.76,-14.582136221981195
8.765,-3.9901084039110994
8.77,2.839339478256512
8.775,3.5607492774968454
8.781,3.0434221682567473
8.786,0.7222369920162814
8.791,-6.2436931024666995
8.796,-11.74685643269134
8.801,-8.286336257366399
8.806,-1.0648513798446495
8.811,-0.14332539069653372
8.816,-4.271586654723815
8.821,-5.724831405442187
8.827,-4.181552656273216
8.832,-3.7866176305633577
8.837,-4.609409903660408
8.843,-7.174777807843048
8.848,-15.417543587377466
8.853,-26.36949406369628
8.858,-28.830429557373552
8.863,-20.284633577788423
8.868,-12.20012927031864
8.874,-11.852979948400744
8.879,-13.299867194205763
8.884,-12.220713485055066
8.889,-13.823846857512923
8.894,-19.80068771219837
8.899,-22.932212423482465
8.904,-20.679321959923833
8.909,-20.178394898491515
8.914,-25.098008415500768
8.92,-30.1985355458743
8.925,-31.84892234202418
8.931,-32.1972584389421
8.936,-31.647085244661017
8.941,-28.10829237017801
8.946,-23.57745679401333
8.951,-22.085938356525382
8.958,-23.29483157249105
8.963,-25.58747996142815
8.969,-30.264212049192086
8.974,-36.27890441347235
8.979,-38.279608413779215
8.984,-34.895696871242194
8.989,-30.515334133540854
8.994,-26.546380058403003
8.999,-20.820392985245643
9.004,-15.731423723742497
9.009,-15.7860866512315
9.015,-18.143936583700707
9.021,-16.588705060715792
9.026,-12.143331859723395
9.031,-9.410311492436287
9.036,-7.569286704487145
9.041,-4.886114111243675
9.046,-4.318513418192562
9.051,-5.169461636700153
9.056,0.23076730314254845
9.061,12.168942478855081
9.067,18.80236537064985
9.072,14.980822328696897
9.077,10.88113701779455
9.082,12.395165120246512
9.087,9.47996311750917
9.093,-5.000394133677804
9.098,-20.800997170814043
9.103,-26.165125902687432
9.108,-24.075284001060567
9.114,-22.525678498708036
9.119,-21.839366115231794
9.124,-20.608638851770046
9.129,-21.88248078702404
9.134,-25.777701914927295
9.139,-26.51395172438265
9.144,-21.399281384482908
9.149,-13.611619803366768
9.154,-6.1733076909013995
9.16,-1.225038347669689
9.165,3.00131645469705
9.17,25.149891564735075
9.175,91.03299002115696
9.181,185.05651585995562
9.186,228.61919119998123
9.191,147.64419524613305
9.196,-35.70500611409659
9.201,-209.23276779731597
9.207,-275.03114112264245
9.212,-227.97537501545452
9.217,-133.64540828580348
9.222,-57.08060184289587
9.227,-21.454419985644723
9.232,-14.479876702345077
9.237,-15.779910915926978
9.244,-15.633003670624616
9.249,-12.648066111691179
9.255,-4.742702327357246
9.261,7.181667427929318
9.266,13.327880796404935
9.271,6.343738606653511
9.276,-5.474888883144022
9.281,-8.247882696294774
9.286,-0.4516779025184685
9.291,10.057427086806552
9.296,19.048334525182504
9.302,24.409832980330783
9.307,21.09872945470499
9.312,10.416226274462964
9.317,5.2596894506338
9.322,13.477698850761929
9.327,24.603143618574208
9.332,24.825473405439038
9.337,16.562483474537885
9.342,12.375924720267218
9.348,17.66153507182909
9.354,28.477544440223742
9.359,38.45077085922308
9.364,41.26310664947009
9.369,35.33521734645481
9.374,30.2586734759476
9.379,37.93808516698139
9.384,54.86962808237428
9.389,65.36507657920193
9.395,63.377838806912905
9.4,57.54940878449647
9.405,54.72731535464038
9.41,53.35364791325711
9.415,52.9005431469164
9.42,55.208012815620364
9.425,57.33256836708285
9.43,56.2834149058124
9.435,57.38177513630571
9.44,64.47427138442823
9.446,67.97966567196823
9.452,58.273454459527585
9.457,44.40234551853034
9.462,42.565200868982465
9.467,51.78508529406697
9.472,57.236833916854074
9.477,52.0536888646341
9.482,41.30732100600697
9.487,30.51882216265468
9.493,22.72832116421857
9.498,20.43350620587352
9.503,20.72277278079904
9.508,15.638063310843547
9.513,3.995488195011372
9.518,-5.236855591019505
9.523,-5.579703745471678
9.531,-0.9895496599639542
9.536,0.9599021867509683
9.542,-2.6499708520317347
9.547,-7.7741325473133305
9.552,-5.269244932632691
9.557,9.489163623568958
9.562,25.97037126306784
9.567,27.558048605392855
9.572,14.562206710631372
9.577,5.138271962161223
9.582,9.316949714743982
9.588,17.13542559853329
9.593,17.737157108247903
9.598,14.608520306655457
9.603,15.015000312285634
9.609,18.014140560243195
9.614,19.488560373413932
9.619,18.058549047072205
9.624,12.468446240610255
9.629,3.8162519390630347
9.635,0.9936564849739212
9.64,11.225585653947762
9.645,25.195033040188797
9.65,25.894278679370554
9.655,12.732458982998613
9.66,1.952372216177959
9.665,2.5273481847922135
9.67,6.872578186031051
9.675,6.4676085661175335
9.681,2.2815495814897693
9.686,-1.5692545069623456
9.691,-2.5966262646709435
9.697,1.325217353739505
9.702,8.131954746767722
9.707,9.096264021652825
9.712,-0.8354524888255511
9.717,-14.39463393530226
9.722,-21.504995594820382
9.728,-21.450141720816628
9.733,-18.55369241026147
9.738,-13.92579550671779
9.743,-9.115737303242652
9.748,-9.33319601706649
9.753,-15.55920607470212
9.758,-21.547878900278317
9.763,-23.97659111882023
9.768,-26.398201724034596
9.773,-29.626405454302166
9.818,-29.33345842046318
9.824,-26.246374961904756
9.829,-26.590559129428414
9.834,-29.882995486072105
9.839,-28.977166437161916
9.844,-23.892602498909383
9.849,-22.601229347080828
9.856,-27.498675920315595
9.862,-33.46591531708252
9.867,-37.754947439972284
9.872,-40.311987176813915
9.877,-38.59499388094437
9.882,-32.71178331197542
9.888,-29.45371046370399
9.893,-32.31142879544687
9.898,-35.58583396464135
9.903,-35.36524227939029
9.909,-36.074558797111784
9.914,-40.00421632930453
9.919,-41.681092824215796
9.924,-38.10842069464242
9.929,-33.430284939604036
9.934,-29.729878349586734
9.939,-24.735519039833488
9.944,-20.868362708348993
9.949,-24.42442967428755
9.955,-33.95473626071569
9.96,-40.595834140403866
9.965,-40.19601196524178
9.971,-35.11802783856872
9.976,-26.593241158651914
9.981,-15.684479155764535
9.986,-7.736004732474206
9.991,-5.662319443261208
